{
    "baseline_28_day_moving_average": {
        "mae": 9.540158385093166,
        "rmse": 12.55869777292028,
        "smape": 18.645880498562047
    },
    "lightgbm": {
        "mae": 5.951833292503649,
        "rmse": 7.703378581780262,
        "smape": 12.528804723261416
    }
}